Workbook

Sheet Preguntas
A1: Preguntas del formulario
A2: Una fila por pregunta, en el orden en que aparecen. Elegí la Sección y después la Subsección (la lista muestra solo las de esa sección). Para agregar: clic derecho en el número de fila → Insertar. Cada sección tiene su color (aunque agregues filas al final, toman el color de su sección). Al subir la planilla, la herramienta agrupa sola por Sección y Subsección.
A3: Ruta JSON: elegila de la lista (sale de tu JSON) y en "Valor en el JSON" vas a ver el dato de ejemplo. Si una ruta tiene [i], la pregunta se repite (ej. varios bienes). Las filas grises son datos ocultos: los completa Namirial.
A5: Sección | B5: Subsección | C5: Pregunta | D5: Tipo | E5: Opciones | F5: Obligatoria | G5: Viene prellenado | H5: Se puede editar | I5: Se muestra si | J5: Ruta JSON | K5: Valor en el JSON | L5: En el PDF va partido en | M5: Reglas / formato | N5: ¿Va? | O5: Notas | P5: ID (no tocar) | Q5: grupo | R5: seccion
A6: Datos del sistema (oculto) | B6: Encabezado | C6: Tipo de Formulario | D6: Dato oculto | G6: Sí | H6: No | J6: encabezado.codigoTipoFormulario | K6: =IF(J6="","",IFERROR(INDEX('JSON del cliente'!$B$5:$B$288,MATCH(J6,'JSON del cliente'!$A$5:$A$288,0)),"no está en el JSON")) -> EQE02 | M6: Valor fijo | N6: Sí | Q6: =1 -> 1 | R6: =IF($A6="","",IFERROR(INDEX(R$5:R5,MATCH($A6,$A$5:$A5,0)),MAX(R$5:R5)+1)) -> 1
A7: Datos del sistema (oculto) | B7: Encabezado | C7: Descripción Tipo Formulario | D7: Dato oculto | G7: Sí | H7: No | J7: encabezado.descripcionTipoFormulario | K7: =IF(J7="","",IFERROR(INDEX('JSON del cliente'!$B$5:$B$288,MATCH(J7,'JSON del cliente'!$A$5:$A$288,0)),"no está en el JSON")) -> Equipo Electrónico Modalidad Adhesión para Equipo Móvil y/o Portátil | M7: Valor fijo | N7: Sí | Q7: =IF(AND($A7=$A6,$B7=$B6),Q6,Q6+1) -> 1 | R7: =IF($A7="","",IFERROR(INDEX(R$5:R6,MATCH($A7,$A$5:$A6,0)),MAX(R$5:R6)+1)) -> 1
A8: Datos del sistema (oculto) | B8: Encabezado | C8: Tipo Trámite | D8: Dato oculto | G8: Sí | H8: No | J8: encabezado.codigoTipoTramite | K8: =IF(J8="","",IFERROR(INDEX('JSON del cliente'!$B$5:$B$288,MATCH(J8,'JSON del cliente'!$A$5:$A$288,0)),"no está en el JSON")) -> Ver catálogo | M8: Viene del sistema | N8: Sí | Q8: =IF(AND($A8=$A7,$B8=$B7),Q7,Q7+1) -> 1 | R8: =IF($A8="","",IFERROR(INDEX(R$5:R7,MATCH($A8,$A$5:$A7,0)),MAX(R$5:R7)+1)) -> 1
A9: Datos del sistema (oculto) | B9: Encabezado | C9: Descripción Tipo Trámite | D9: Dato oculto | G9: Sí | H9: No | J9: encabezado.descripcionTipoTramite | K9: =IF(J9="","",IFERROR(INDEX('JSON del cliente'!$B$5:$B$288,MATCH(J9,'JSON del cliente'!$A$5:$A$288,0)),"no está en el JSON")) -> Ver catálogo | M9: Se calcula | N9: Sí | O9: Del catálogo | Q9: =IF(AND($A9=$A8,$B9=$B8),Q8,Q8+1) -> 1 | R9: =IF($A9="","",IFERROR(INDEX(R$5:R8,MATCH($A9,$A$5:$A8,0)),MAX(R$5:R8)+1)) -> 1
A10: Datos del sistema (oculto) | B10: Encabezado | C10: Identificador Transacción Interno | D10: Dato oculto | G10: Sí | H10: No | J10: encabezado.identificadorTransaccionInterno | K10: =IF(J10="","",IFERROR(INDEX('JSON del cliente'!$B$5:$B$288,MATCH(J10,'JSON del cliente'!$A$5:$A$288,0)),"no está en el JSON")) -> INS_SG_P14_EQE02_I_20260801_A_3_0031018555690 | M10: Viene del sistema | N10: Sí | Q10: =IF(AND($A10=$A9,$B10=$B9),Q9,Q9+1) -> 1 | R10: =IF($A10="","",IFERROR(INDEX(R$5:R9,MATCH($A10,$A$5:$A9,0)),MAX(R$5:R9)+1)) -> 1
A11: Datos del sistema (oculto) | B11: Encabezado | C11: Correo electrónico | D11: Dato oculto | G11: Sí | H11: No | J11: encabezado.correoElectronico | K11: =IF(J11="","",IFERROR(INDEX('JSON del cliente'!$B$5:$B$288,MATCH(J11,'JSON del cliente'!$A$5:$A$288,0)),"no está en el JSON")) -> aleulloaperez@gmail.com | M11: Viene del sistema | N11: Sí | Q11: =IF(AND($A11=$A10,$B11=$B10),Q10,Q10+1) -> 1 | R11: =IF($A11="","",IFERROR(INDEX(R$5:R10,MATCH($A11,$A$5:$A10,0)),MAX(R$5:R10)+1)) -> 1
A12: Datos del sistema (oculto) | B12: Encabezado | C12: Código de Producto | D12: Dato oculto | G12: Sí | H12: No | J12: encabezado.codigoProducto | K12: =IF(J12="","",IFERROR(INDEX('JSON del cliente'!$B$5:$B$288,MATCH(J12,'JSON del cliente'!$A$5:$A$288,0)),"no está en el JSON")) -> 155 | M12: Valor fijo | N12: Sí | Q12: =IF(AND($A12=$A11,$B12=$B11),Q11,Q11+1) -> 1 | R12: =IF($A12="","",IFERROR(INDEX(R$5:R11,MATCH($A12,$A$5:$A11,0)),MAX(R$5:R11)+1)) -> 1
A13: Datos del sistema (oculto) | B13: Encabezado | C13: Descripción Producto | D13: Dato oculto | G13: Sí | H13: No | J13: encabezado.descripcionProducto | K13: =IF(J13="","",IFERROR(INDEX('JSON del cliente'!$B$5:$B$288,MATCH(J13,'JSON del cliente'!$A$5:$A$288,0)),"no está en el JSON")) -> Equipo Electrónico Riesgo Nombrado Equipo Movil y/o Portátil | M13: Valor fijo | N13: Sí | Q13: =IF(AND($A13=$A12,$B13=$B12),Q12,Q12+1) -> 1 | R13: =IF($A13="","",IFERROR(INDEX(R$5:R12,MATCH($A13,$A$5:$A12,0)),MAX(R$5:R12)+1)) -> 1
A14: Datos del sistema (oculto) | B14: Encabezado | C14: Nombre Completo Cliente | D14: Dato oculto | G14: Sí | H14: No | J14: encabezado.nombreCompletoCliente | K14: =IF(J14="","",IFERROR(INDEX('JSON del cliente'!$B$5:$B$288,MATCH(J14,'JSON del cliente'!$A$5:$A$288,0)),"no está en el JSON")) -> Alejandro Ulloa Pérez | M14: Viene del sistema | N14: Sí | Q14: =IF(AND($A14=$A13,$B14=$B13),Q13,Q13+1) -> 1 | R14: =IF($A14="","",IFERROR(INDEX(R$5:R13,MATCH($A14,$A$5:$A13,0)),MAX(R$5:R13)+1)) -> 1
A15: Datos del sistema (oculto) | B15: Encabezado | C15: Identificador Archivo | D15: Dato oculto | G15: Sí | H15: No | J15: encabezado.identificadorArchivo | K15: =IF(J15="","",IFERROR(INDEX('JSON del cliente'!$B$5:$B$288,MATCH(J15,'JSON del cliente'!$A$5:$A$288,0)),"no está en el JSON")) -> idNamirial | M15: Viene del sistema | N15: Sí | Q15: =IF(AND($A15=$A14,$B15=$B14),Q14,Q14+1) -> 1 | R15: =IF($A15="","",IFERROR(INDEX(R$5:R14,MATCH($A15,$A$5:$A14,0)),MAX(R$5:R14)+1)) -> 1
A16: Datos del sistema (oculto) | B16: Personas | C16: Código de Tipo de Persona | D16: Dato oculto | G16: Sí | H16: No | J16: datosFormulario.personas[0].codigoTipo | K16: =IF(J16="","",IFERROR(INDEX('JSON del cliente'!$B$5:$B$288,MATCH(J16,'JSON del cliente'!$A$5:$A$288,0)),"no está en el JSON")) -> ASG | M16: Valor fijo | N16: Sí | O16: ASG = Asegurado | Q16: =IF(AND($A16=$A15,$B16=$B15),Q15,Q15+1) -> 2 | R16: =IF($A16="","",IFERROR(INDEX(R$5:R15,MATCH($A16,$A$5:$A15,0)),MAX(R$5:R15)+1)) -> 1
A17: Datos del sistema (oculto) | B17: Personas | C17: Descripción de Tipo de Persona | D17: Dato oculto | G17: Sí | H17: No | J17: datosFormulario.personas[0].descripcionTipo | K17: =IF(J17="","",IFERROR(INDEX('JSON del cliente'!$B$5:$B$288,MATCH(J17,'JSON del cliente'!$A$5:$A$288,0)),"no está en el JSON")) -> Asegurado | M17: Se calcula | N17: Sí | Q17: =IF(AND($A17=$A16,$B17=$B16),Q16,Q16+1) -> 2 | R17: =IF($A17="","",IFERROR(INDEX(R$5:R16,MATCH($A17,$A$5:$A16,0)),MAX(R$5:R16)+1)) -> 1
A18: Datos del sistema (oculto) | B18: Personas | C18: Descripción Tipo de Identificación | D18: Dato oculto | G18: Sí | H18: No | J18: datosFormulario.personas[0].descripcionTipoIdentificacion | K18: =IF(J18="","",IFERROR(INDEX('JSON del cliente'!$B$5:$B$288,MATCH(J18,'JSON del cliente'!$A$5:$A$288,0)),"no está en el JSON")) -> Física | M18: Se calcula | N18: Sí | Q18: =IF(AND($A18=$A17,$B18=$B17),Q17,Q17+1) -> 2 | R18: =IF($A18="","",IFERROR(INDEX(R$5:R17,MATCH($A18,$A$5:$A17,0)),MAX(R$5:R17)+1)) -> 1
A19: Datos del sistema (oculto) | B19: Personas | C19: Descripción de Estado Civil | D19: Dato oculto | G19: Sí | H19: No | J19: datosFormulario.personas[0].descripcionEstadoCivil | K19: =IF(J19="","",IFERROR(INDEX('JSON del cliente'!$B$5:$B$288,MATCH(J19,'JSON del cliente'!$A$5:$A$288,0)),"no está en el JSON")) -> Casado | M19: Se calcula | N19: Sí | Q19: =IF(AND($A19=$A18,$B19=$B18),Q18,Q18+1) -> 2 | R19: =IF($A19="","",IFERROR(INDEX(R$5:R18,MATCH($A19,$A$5:$A18,0)),MAX(R$5:R18)+1)) -> 1
A20: Datos del sistema (oculto) | B20: Personas | C20: Descripción del Género | D20: Dato oculto | G20: Sí | H20: No | J20: datosFormulario.personas[0].descripcionGenero | K20: =IF(J20="","",IFERROR(INDEX('JSON del cliente'!$B$5:$B$288,MATCH(J20,'JSON del cliente'!$A$5:$A$288,0)),"no está en el JSON")) -> Femenino | M20: Se calcula | N20: Sí | Q20: =IF(AND($A20=$A19,$B20=$B19),Q19,Q19+1) -> 2 | R20: =IF($A20="","",IFERROR(INDEX(R$5:R19,MATCH($A20,$A$5:$A19,0)),MAX(R$5:R19)+1)) -> 1
A21: Datos del sistema (oculto) | B21: Personas | C21: Nombre completo | D21: Dato oculto | G21: Sí | H21: No | J21: datosFormulario.personas[0].nombreCompleto | K21: =IF(J21="","",IFERROR(INDEX('JSON del cliente'!$B$5:$B$288,MATCH(J21,'JSON del cliente'!$A$5:$A$288,0)),"no está en el JSON")) -> Alejandro Ulloa Pérez | M21: Se calcula | N21: Sí | O21: Nombres + apellidos | Q21: =IF(AND($A21=$A20,$B21=$B20),Q20,Q20+1) -> 2 | R21: =IF($A21="","",IFERROR(INDEX(R$5:R20,MATCH($A21,$A$5:$A20,0)),MAX(R$5:R20)+1)) -> 1
A22: Datos del sistema (oculto) | B22: Personas | C22: Edad | D22: Dato oculto | G22: Sí | H22: No | J22: datosFormulario.personas[0].edad | K22: =IF(J22="","",IFERROR(INDEX('JSON del cliente'!$B$5:$B$288,MATCH(J22,'JSON del cliente'!$A$5:$A$288,0)),"no está en el JSON")) -> 47 | M22: Se calcula | N22: Sí | O22: A partir de la fecha de nacimiento | Q22: =IF(AND($A22=$A21,$B22=$B21),Q21,Q21+1) -> 2 | R22: =IF($A22="","",IFERROR(INDEX(R$5:R21,MATCH($A22,$A$5:$A21,0)),MAX(R$5:R21)+1)) -> 1
A23: Datos del sistema (oculto) | B23: Dirección y notificación | C23: Descripción Provincia | D23: Dato oculto | G23: Sí | H23: No | J23: datosFormulario.personas[0].direccion.descripcionProvincia | K23: =IF(J23="","",IFERROR(INDEX('JSON del cliente'!$B$5:$B$288,MATCH(J23,'JSON del cliente'!$A$5:$A$288,0)),"no está en el JSON")) -> San José | M23: Se calcula | N23: Sí | Q23: =IF(AND($A23=$A22,$B23=$B22),Q22,Q22+1) -> 3 | R23: =IF($A23="","",IFERROR(INDEX(R$5:R22,MATCH($A23,$A$5:$A22,0)),MAX(R$5:R22)+1)) -> 1
A24: Datos del sistema (oculto) | B24: Dirección y notificación | C24: Descripción Cantón | D24: Dato oculto | G24: Sí | H24: No | J24: datosFormulario.personas[0].direccion.descripcionCanton | K24: =IF(J24="","",IFERROR(INDEX('JSON del cliente'!$B$5:$B$288,MATCH(J24,'JSON del cliente'!$A$5:$A$288,0)),"no está en el JSON")) -> Tibás | M24: Se calcula | N24: Sí | Q24: =IF(AND($A24=$A23,$B24=$B23),Q23,Q23+1) -> 3 | R24: =IF($A24="","",IFERROR(INDEX(R$5:R23,MATCH($A24,$A$5:$A23,0)),MAX(R$5:R23)+1)) -> 1
A25: Datos del sistema (oculto) | B25: Dirección y notificación | C25: Descripción Distrito | D25: Dato oculto | G25: Sí | H25: No | J25: datosFormulario.personas[0].direccion.descripcionDistrito | K25: =IF(J25="","",IFERROR(INDEX('JSON del cliente'!$B$5:$B$288,MATCH(J25,'JSON del cliente'!$A$5:$A$288,0)),"no está en el JSON")) -> San Juan | M25: Se calcula | N25: Sí | Q25: =IF(AND($A25=$A24,$B25=$B24),Q24,Q24+1) -> 3 | R25: =IF($A25="","",IFERROR(INDEX(R$5:R24,MATCH($A25,$A$5:$A24,0)),MAX(R$5:R24)+1)) -> 1
A26: Datos Generales | B26: Información de la Solicitud | C26: Lugar | D26: Texto corto | F26: Sí | G26: No | H26: Sí | J26: datosFormulario.datosGenerales.lugar | K26: =IF(J26="","",IFERROR(INDEX('JSON del cliente'!$B$5:$B$288,MATCH(J26,'JSON del cliente'!$A$5:$A$288,0)),"no está en el JSON")) -> San José | M26: máx. 50 | N26: Sí | Q26: =IF(AND($A26=$A25,$B26=$B25),Q25,Q25+1) -> 4 | R26: =IF($A26="","",IFERROR(INDEX(R$5:R25,MATCH($A26,$A$5:$A25,0)),MAX(R$5:R25)+1)) -> 2
A27: Datos Generales | B27: Información de la Solicitud | C27: Fecha | D27: Fecha | F27: Sí | G27: Sí | H27: Sí | J27: datosFormulario.datosGenerales.fechaCreacion | K27: =IF(J27="","",IFERROR(INDEX('JSON del cliente'!$B$5:$B$288,MATCH(J27,'JSON del cliente'!$A$5:$A$288,0)),"no está en el JSON")) -> 2026-08-01 | L27: día / mes / año | N27: Sí | O27: Se completa con la fecha del día | Q27: =IF(AND($A27=$A26,$B27=$B26),Q26,Q26+1) -> 4 | R27: =IF($A27="","",IFERROR(INDEX(R$5:R26,MATCH($A27,$A$5:$A26,0)),MAX(R$5:R26)+1)) -> 2
A28: Información de Póliza | B28: Datos del Asesor | C28: Código de intermediario | D28: Número | F28: Sí | G28: Sí | H28: No | J28: datosFormulario.datosGenerales.intermediario.codigoIntermediario | K28: =IF(J28="","",IFERROR(INDEX('JSON del cliente'!$B$5:$B$288,MATCH(J28,'JSON del cliente'!$A$5:$A$288,0)),"no está en el JSON")) -> 1100340 | M28: 6 dígitos | N28: Sí | Q28: =IF(AND($A28=$A27,$B28=$B27),Q27,Q27+1) -> 5 | R28: =IF($A28="","",IFERROR(INDEX(R$5:R27,MATCH($A28,$A$5:$A27,0)),MAX(R$5:R27)+1)) -> 3
A29: Información de Póliza | B29: Datos del Asesor | C29: Nombre del asesor | D29: Texto corto | F29: Sí | G29: Sí | H29: No | J29: datosFormulario.datosGenerales.intermediario.nombre | K29: =IF(J29="","",IFERROR(INDEX('JSON del cliente'!$B$5:$B$288,MATCH(J29,'JSON del cliente'!$A$5:$A$288,0)),"no está en el JSON")) -> Geonanny Ulloa Soto | N29: Sí | Q29: =IF(AND($A29=$A28,$B29=$B28),Q28,Q28+1) -> 5 | R29: =IF($A29="","",IFERROR(INDEX(R$5:R28,MATCH($A29,$A$5:$A28,0)),MAX(R$5:R28)+1)) -> 3
A30: Información de Póliza | B30: Datos de la Póliza | C30: Número de póliza madre | D30: Texto corto | F30: Sí | G30: Sí | H30: No | J30: datosFormulario.datosGenerales.polizaMadre.numeroPoliza | K30: =IF(J30="","",IFERROR(INDEX('JSON del cliente'!$B$5:$B$288,MATCH(J30,'JSON del cliente'!$A$5:$A$288,0)),"no está en el JSON")) -> 0220EQE000123402 | M30: 16 caracteres | N30: Sí | Q30: =IF(AND($A30=$A29,$B30=$B29),Q29,Q29+1) -> 6 | R30: =IF($A30="","",IFERROR(INDEX(R$5:R29,MATCH($A30,$A$5:$A29,0)),MAX(R$5:R29)+1)) -> 3
A31: Información de Póliza | B31: Datos de la Póliza | C31: Vigencia desde | D31: Fecha | F31: Sí | G31: Sí | H31: No | J31: datosFormulario.datosGenerales.polizaMadre.vigenciaDesde | K31: =IF(J31="","",IFERROR(INDEX('JSON del cliente'!$B$5:$B$288,MATCH(J31,'JSON del cliente'!$A$5:$A$288,0)),"no está en el JSON")) -> 2026-01-01 | N31: Sí | Q31: =IF(AND($A31=$A30,$B31=$B30),Q30,Q30+1) -> 6 | R31: =IF($A31="","",IFERROR(INDEX(R$5:R30,MATCH($A31,$A$5:$A30,0)),MAX(R$5:R30)+1)) -> 3
A32: Información de Póliza | B32: Datos de la Póliza | C32: Vigencia hasta | D32: Fecha | F32: Sí | G32: Sí | H32: No | J32: datosFormulario.datosGenerales.polizaMadre.vigenciaHasta | K32: =IF(J32="","",IFERROR(INDEX('JSON del cliente'!$B$5:$B$288,MATCH(J32,'JSON del cliente'!$A$5:$A$288,0)),"no está en el JSON")) -> 2027-01-01 | N32: Sí | Q32: =IF(AND($A32=$A31,$B32=$B31),Q31,Q31+1) -> 6 | R32: =IF($A32="","",IFERROR(INDEX(R$5:R31,MATCH($A32,$A$5:$A31,0)),MAX(R$5:R31)+1)) -> 3
A33: Información de Póliza | B33: Información adicional | C33: ¿Tiene pólizas con otra compañía aseguradora? | D33: Sí / No | F33: Sí | G33: No | H33: Sí | J33: datosFormulario.datosGenerales.datosAdicionales.indicadorOtraAseguradora | K33: =IF(J33="","",IFERROR(INDEX('JSON del cliente'!$B$5:$B$288,MATCH(J33,'JSON del cliente'!$A$5:$A$288,0)),"no está en el JSON")) -> Si | N33: Sí | Q33: =IF(AND($A33=$A32,$B33=$B32),Q32,Q32+1) -> 7 | R33: =IF($A33="","",IFERROR(INDEX(R$5:R32,MATCH($A33,$A$5:$A32,0)),MAX(R$5:R32)+1)) -> 3
A34: Información de Póliza | B34: Información adicional | C34: Nombre de la compañía aseguradora | D34: Texto corto | F34: Sí | G34: No | H34: Sí | I34: si ¿Tiene pólizas con otra compañía aseguradora? = Sí | J34: datosFormulario.datosGenerales.datosAdicionales.nombreOtraAseguradora | K34: =IF(J34="","",IFERROR(INDEX('JSON del cliente'!$B$5:$B$288,MATCH(J34,'JSON del cliente'!$A$5:$A$288,0)),"no está en el JSON")) -> Mapre S.A. | M34: máx. 50 | N34: Sí | Q34: =IF(AND($A34=$A33,$B34=$B33),Q33,Q33+1) -> 7 | R34: =IF($A34="","",IFERROR(INDEX(R$5:R33,MATCH($A34,$A$5:$A33,0)),MAX(R$5:R33)+1)) -> 3
A35: Datos del Asegurado | B35: Datos Asegurado | C35: Tipo de identificación | D35: Una opción de una lista | E35: Ver catálogo | F35: Sí | G35: Sí | H35: Sí | J35: datosFormulario.personas[0].codigoTipoIdentificacion | K35: =IF(J35="","",IFERROR(INDEX('JSON del cliente'!$B$5:$B$288,MATCH(J35,'JSON del cliente'!$A$5:$A$288,0)),"no está en el JSON")) -> Física | N35: Sí | Q35: =IF(AND($A35=$A34,$B35=$B34),Q34,Q34+1) -> 8 | R35: =IF($A35="","",IFERROR(INDEX(R$5:R34,MATCH($A35,$A$5:$A34,0)),MAX(R$5:R34)+1)) -> 4
A36: Datos del Asegurado | B36: Datos Asegurado | C36: Número de identificación | D36: Texto corto | F36: Sí | G36: Sí | H36: Sí | J36: datosFormulario.personas[0].identificacion | K36: =IF(J36="","",IFERROR(INDEX('JSON del cliente'!$B$5:$B$288,MATCH(J36,'JSON del cliente'!$A$5:$A$288,0)),"no está en el JSON")) -> 1103330564 | M36: 9 dígitos si es Física | N36: Sí | Q36: =IF(AND($A36=$A35,$B36=$B35),Q35,Q35+1) -> 8 | R36: =IF($A36="","",IFERROR(INDEX(R$5:R35,MATCH($A36,$A$5:$A35,0)),MAX(R$5:R35)+1)) -> 4
A37: Datos del Asegurado | B37: Datos Asegurado | C37: Primer nombre | D37: Texto corto | F37: Sí | G37: Sí | H37: Sí | J37: datosFormulario.personas[0].primerNombre | K37: =IF(J37="","",IFERROR(INDEX('JSON del cliente'!$B$5:$B$288,MATCH(J37,'JSON del cliente'!$A$5:$A$288,0)),"no está en el JSON")) -> Alejandro | M37: máx. 50 | N37: Sí | Q37: =IF(AND($A37=$A36,$B37=$B36),Q36,Q36+1) -> 8 | R37: =IF($A37="","",IFERROR(INDEX(R$5:R36,MATCH($A37,$A$5:$A36,0)),MAX(R$5:R36)+1)) -> 4
A38: Datos del Asegurado | B38: Datos Asegurado | C38: Segundo nombre | D38: Texto corto | F38: No | G38: Sí | H38: Sí | J38: datosFormulario.personas[0].segundoNombre | K38: =IF(J38="","",IFERROR(INDEX('JSON del cliente'!$B$5:$B$288,MATCH(J38,'JSON del cliente'!$A$5:$A$288,0)),"no está en el JSON")) -> 0 | M38: máx. 50 | N38: Sí | Q38: =IF(AND($A38=$A37,$B38=$B37),Q37,Q37+1) -> 8 | R38: =IF($A38="","",IFERROR(INDEX(R$5:R37,MATCH($A38,$A$5:$A37,0)),MAX(R$5:R37)+1)) -> 4
A39: Datos del Asegurado | B39: Datos Asegurado | C39: Primer apellido | D39: Texto corto | F39: Sí | G39: Sí | H39: Sí | J39: datosFormulario.personas[0].primerApellido | K39: =IF(J39="","",IFERROR(INDEX('JSON del cliente'!$B$5:$B$288,MATCH(J39,'JSON del cliente'!$A$5:$A$288,0)),"no está en el JSON")) -> Ulloa | M39: máx. 50 | N39: Sí | Q39: =IF(AND($A39=$A38,$B39=$B38),Q38,Q38+1) -> 8 | R39: =IF($A39="","",IFERROR(INDEX(R$5:R38,MATCH($A39,$A$5:$A38,0)),MAX(R$5:R38)+1)) -> 4
A40: Datos del Asegurado | B40: Datos Asegurado | C40: Segundo apellido | D40: Texto corto | F40: No | G40: Sí | H40: Sí | J40: datosFormulario.personas[0].segundoApellido | K40: =IF(J40="","",IFERROR(INDEX('JSON del cliente'!$B$5:$B$288,MATCH(J40,'JSON del cliente'!$A$5:$A$288,0)),"no está en el JSON")) -> Pérez | M40: máx. 50 | N40: Sí | Q40: =IF(AND($A40=$A39,$B40=$B39),Q39,Q39+1) -> 8 | R40: =IF($A40="","",IFERROR(INDEX(R$5:R39,MATCH($A40,$A$5:$A39,0)),MAX(R$5:R39)+1)) -> 4
A41: Datos del Asegurado | B41: Datos Asegurado | C41: Fecha de nacimiento | D41: Fecha | F41: Sí | G41: Sí | H41: Sí | J41: datosFormulario.personas[0].fechaNacimiento | K41: =IF(J41="","",IFERROR(INDEX('JSON del cliente'!$B$5:$B$288,MATCH(J41,'JSON del cliente'!$A$5:$A$288,0)),"no está en el JSON")) -> 1979-04-26 | N41: Sí | O41: Una sola pregunta; en el PDF la reparte la herramienta | Q41: =IF(AND($A41=$A40,$B41=$B40),Q40,Q40+1) -> 8 | R41: =IF($A41="","",IFERROR(INDEX(R$5:R40,MATCH($A41,$A$5:$A40,0)),MAX(R$5:R40)+1)) -> 4
A42: Datos del Asegurado | B42: Datos Asegurado | C42: Estado civil | D42: Una opción de una lista | E42: Ver catálogo | F42: Sí | G42: Sí | H42: Sí | J42: datosFormulario.personas[0].codigoEstadoCivil | K42: =IF(J42="","",IFERROR(INDEX('JSON del cliente'!$B$5:$B$288,MATCH(J42,'JSON del cliente'!$A$5:$A$288,0)),"no está en el JSON")) -> Casado | N42: Sí | Q42: =IF(AND($A42=$A41,$B42=$B41),Q41,Q41+1) -> 8 | R42: =IF($A42="","",IFERROR(INDEX(R$5:R41,MATCH($A42,$A$5:$A41,0)),MAX(R$5:R41)+1)) -> 4
A43: Datos del Asegurado | B43: Datos Asegurado | C43: Género | D43: Una opción (botones) | E43: Masculino=M; Femenino=F | F43: Sí | G43: Sí | H43: Sí | J43: datosFormulario.personas[0].codigoGenero | K43: =IF(J43="","",IFERROR(INDEX('JSON del cliente'!$B$5:$B$288,MATCH(J43,'JSON del cliente'!$A$5:$A$288,0)),"no está en el JSON")) -> Femenino | N43: Sí | Q43: =IF(AND($A43=$A42,$B43=$B42),Q42,Q42+1) -> 8 | R43: =IF($A43="","",IFERROR(INDEX(R$5:R42,MATCH($A43,$A$5:$A42,0)),MAX(R$5:R42)+1)) -> 4
A44: Datos del Asegurado | B44: Datos Asegurado | C44: Teléfono móvil | D44: Teléfono | F44: Sí | G44: Sí | H44: Sí | J44: datosFormulario.personas[0].telefonoMovil | K44: =IF(J44="","",IFERROR(INDEX('JSON del cliente'!$B$5:$B$288,MATCH(J44,'JSON del cliente'!$A$5:$A$288,0)),"no está en el JSON")) -> 88400271 | M44: 8 dígitos | N44: Sí | Q44: =IF(AND($A44=$A43,$B44=$B43),Q43,Q43+1) -> 8 | R44: =IF($A44="","",IFERROR(INDEX(R$5:R43,MATCH($A44,$A$5:$A43,0)),MAX(R$5:R43)+1)) -> 4
A45: Datos del Asegurado | B45: Datos Asegurado | C45: Correo electrónico | D45: Email | F45: Sí | G45: Sí | H45: Sí | J45: datosFormulario.personas[0].correoElectronico | K45: =IF(J45="","",IFERROR(INDEX('JSON del cliente'!$B$5:$B$288,MATCH(J45,'JSON del cliente'!$A$5:$A$288,0)),"no está en el JSON")) -> aulloap@grupoins.com | N45: Sí | Q45: =IF(AND($A45=$A44,$B45=$B44),Q44,Q44+1) -> 8 | R45: =IF($A45="","",IFERROR(INDEX(R$5:R44,MATCH($A45,$A$5:$A44,0)),MAX(R$5:R44)+1)) -> 4
A46: Datos del Asegurado | B46: Contacto y ubicación | C46: Provincia | D46: Una opción de una lista | E46: Ver catálogo | F46: Sí | G46: Sí | H46: Sí | J46: datosFormulario.personas[0].direccion.codigoProvincia | K46: =IF(J46="","",IFERROR(INDEX('JSON del cliente'!$B$5:$B$288,MATCH(J46,'JSON del cliente'!$A$5:$A$288,0)),"no está en el JSON")) -> Ver catálogo adjunto | N46: Sí | Q46: =IF(AND($A46=$A45,$B46=$B45),Q45,Q45+1) -> 9 | R46: =IF($A46="","",IFERROR(INDEX(R$5:R45,MATCH($A46,$A$5:$A45,0)),MAX(R$5:R45)+1)) -> 4
A47: Datos del Asegurado | B47: Contacto y ubicación | C47: Cantón | D47: Una opción de una lista | E47: Ver catálogo | F47: Sí | G47: Sí | H47: Sí | J47: datosFormulario.personas[0].direccion.codigoCanton | K47: =IF(J47="","",IFERROR(INDEX('JSON del cliente'!$B$5:$B$288,MATCH(J47,'JSON del cliente'!$A$5:$A$288,0)),"no está en el JSON")) -> Ver catálogo adjunto | N47: Sí | O47: Depende de la provincia | Q47: =IF(AND($A47=$A46,$B47=$B46),Q46,Q46+1) -> 9 | R47: =IF($A47="","",IFERROR(INDEX(R$5:R46,MATCH($A47,$A$5:$A46,0)),MAX(R$5:R46)+1)) -> 4
A48: Datos del Asegurado | B48: Contacto y ubicación | C48: Distrito | D48: Una opción de una lista | E48: Ver catálogo | F48: Sí | G48: Sí | H48: Sí | J48: datosFormulario.personas[0].direccion.codigoDistrito | K48: =IF(J48="","",IFERROR(INDEX('JSON del cliente'!$B$5:$B$288,MATCH(J48,'JSON del cliente'!$A$5:$A$288,0)),"no está en el JSON")) -> Ver catálogo adjunto | N48: Sí | O48: Depende del cantón | Q48: =IF(AND($A48=$A47,$B48=$B47),Q47,Q47+1) -> 9 | R48: =IF($A48="","",IFERROR(INDEX(R$5:R47,MATCH($A48,$A$5:$A47,0)),MAX(R$5:R47)+1)) -> 4
A49: Datos del Asegurado | B49: Contacto y ubicación | C49: Dirección exacta | D49: Texto largo | F49: Sí | G49: Sí | H49: Sí | J49: datosFormulario.personas[0].direccion.direccionExacta | K49: =IF(J49="","",IFERROR(INDEX('JSON del cliente'!$B$5:$B$288,MATCH(J49,'JSON del cliente'!$A$5:$A$288,0)),"no está en el JSON")) -> 400 metros este de Municipalidad | M49: máx. 100 | N49: Sí | Q49: =IF(AND($A49=$A48,$B49=$B48),Q48,Q48+1) -> 9 | R49: =IF($A49="","",IFERROR(INDEX(R$5:R48,MATCH($A49,$A$5:$A48,0)),MAX(R$5:R48)+1)) -> 4
A50: Datos del Asegurado | B50: Preferencias de notificación | C50: Medio por el cual desea ser notificado | D50: Una opción (botones) | E50: Correo electrónico; Domicilio físico; Otro | F50: Sí | G50: No | H50: Sí | J50: datosFormulario.personas[0].mediosNotificacion.codigoMedioNotificacion | K50: =IF(J50="","",IFERROR(INDEX('JSON del cliente'!$B$5:$B$288,MATCH(J50,'JSON del cliente'!$A$5:$A$288,0)),"no está en el JSON")) -> Correo Electrónico | N50: Sí | Q50: =IF(AND($A50=$A49,$B50=$B49),Q49,Q49+1) -> 10 | R50: =IF($A50="","",IFERROR(INDEX(R$5:R49,MATCH($A50,$A$5:$A49,0)),MAX(R$5:R49)+1)) -> 4
A51: Datos del Asegurado | B51: Preferencias de notificación | C51: ¿Dónde desea que le notifiquen? | D51: Texto corto | F51: Sí | G51: No | H51: Sí | I51: si Medio por el cual desea ser notificado no está vacío | J51: datosFormulario.personas[0].mediosNotificacion.datosNotificacion | K51: =IF(J51="","",IFERROR(INDEX('JSON del cliente'!$B$5:$B$288,MATCH(J51,'JSON del cliente'!$A$5:$A$288,0)),"no está en el JSON")) -> Correo Electrónico | M51: máx. 50 | N51: Sí | Q51: =IF(AND($A51=$A50,$B51=$B50),Q50,Q50+1) -> 10 | R51: =IF($A51="","",IFERROR(INDEX(R$5:R50,MATCH($A51,$A$5:$A50,0)),MAX(R$5:R50)+1)) -> 4
A52: Información del riesgo | B52: Bienes por asegurar | C52: Descripción del bien | D52: Texto corto | F52: Sí | G52: No | H52: Sí | J52: datosFormulario.personas[0].riesgo.zonasRiesgo[0].bienesAsegurar[i].descripcionBien | K52: =IF(J52="","",IFERROR(INDEX('JSON del cliente'!$B$5:$B$288,MATCH(J52,'JSON del cliente'!$A$5:$A$288,0)),"no está en el JSON")) -> Televisor | N52: Sí | O52: Se repite por cada bien | Q52: =IF(AND($A52=$A51,$B52=$B51),Q51,Q51+1) -> 11 | R52: =IF($A52="","",IFERROR(INDEX(R$5:R51,MATCH($A52,$A$5:$A51,0)),MAX(R$5:R51)+1)) -> 5
A53: Información del riesgo | B53: Bienes por asegurar | C53: Marca | D53: Texto corto | F53: Sí | G53: No | H53: Sí | J53: datosFormulario.personas[0].riesgo.zonasRiesgo[0].bienesAsegurar[i].marcaBien | K53: =IF(J53="","",IFERROR(INDEX('JSON del cliente'!$B$5:$B$288,MATCH(J53,'JSON del cliente'!$A$5:$A$288,0)),"no está en el JSON")) -> Samsung | M53: máx. 100 | N53: Sí | Q53: =IF(AND($A53=$A52,$B53=$B52),Q52,Q52+1) -> 11 | R53: =IF($A53="","",IFERROR(INDEX(R$5:R52,MATCH($A53,$A$5:$A52,0)),MAX(R$5:R52)+1)) -> 5
A54: Información del riesgo | B54: Bienes por asegurar | C54: Modelo | D54: Texto corto | F54: Sí | G54: No | H54: Sí | J54: datosFormulario.personas[0].riesgo.zonasRiesgo[0].bienesAsegurar[i].modeloBien | K54: =IF(J54="","",IFERROR(INDEX('JSON del cliente'!$B$5:$B$288,MATCH(J54,'JSON del cliente'!$A$5:$A$288,0)),"no está en el JSON")) -> AT2251 | M54: máx. 100 | N54: Sí | Q54: =IF(AND($A54=$A53,$B54=$B53),Q53,Q53+1) -> 11 | R54: =IF($A54="","",IFERROR(INDEX(R$5:R53,MATCH($A54,$A$5:$A53,0)),MAX(R$5:R53)+1)) -> 5
A55: Información del riesgo | B55: Bienes por asegurar | C55: Número de serie | D55: Texto corto | F55: Sí | G55: No | H55: Sí | J55: datosFormulario.personas[0].riesgo.zonasRiesgo[0].bienesAsegurar[i].serieBien | K55: =IF(J55="","",IFERROR(INDEX('JSON del cliente'!$B$5:$B$288,MATCH(J55,'JSON del cliente'!$A$5:$A$288,0)),"no está en el JSON")) -> 987564321S | M55: máx. 20 | N55: Sí | Q55: =IF(AND($A55=$A54,$B55=$B54),Q54,Q54+1) -> 11 | R55: =IF($A55="","",IFERROR(INDEX(R$5:R54,MATCH($A55,$A$5:$A54,0)),MAX(R$5:R54)+1)) -> 5
A56: Información del riesgo | B56: Bienes por asegurar | C56: Valor unitario | D56: Número | F56: Sí | G56: No | H56: Sí | J56: datosFormulario.personas[0].riesgo.zonasRiesgo[0].bienesAsegurar[i].valorBien | K56: =IF(J56="","",IFERROR(INDEX('JSON del cliente'!$B$5:$B$288,MATCH(J56,'JSON del cliente'!$A$5:$A$288,0)),"no está en el JSON")) -> 500000 | N56: Sí | Q56: =IF(AND($A56=$A55,$B56=$B55),Q55,Q55+1) -> 11 | R56: =IF($A56="","",IFERROR(INDEX(R$5:R55,MATCH($A56,$A$5:$A55,0)),MAX(R$5:R55)+1)) -> 5
A57: Información del riesgo | B57: Bienes por asegurar | C57: Año de fabricación | D57: Número | F57: Sí | G57: No | H57: Sí | J57: datosFormulario.personas[0].riesgo.zonasRiesgo[0].bienesAsegurar[i].anoFabricacionBien | K57: =IF(J57="","",IFERROR(INDEX('JSON del cliente'!$B$5:$B$288,MATCH(J57,'JSON del cliente'!$A$5:$A$288,0)),"no está en el JSON")) -> 2025 | M57: 4 dígitos | N57: Sí | Q57: =IF(AND($A57=$A56,$B57=$B56),Q56,Q56+1) -> 11 | R57: =IF($A57="","",IFERROR(INDEX(R$5:R56,MATCH($A57,$A$5:$A56,0)),MAX(R$5:R56)+1)) -> 5
A58: Declaraciones y Autorización | B58: Autorizaciones | C58: Autorizo la revisión de los expedientes… | D58: Casilla de verificación | F58: Sí | G58: No | H58: Sí | J58: datosFormulario.datosGenerales.indicadorClienteDaConsentimiento | K58: =IF(J58="","",IFERROR(INDEX('JSON del cliente'!$B$5:$B$288,MATCH(J58,'JSON del cliente'!$A$5:$A$288,0)),"no está en el JSON")) -> 0 | N58: Sí | Q58: =IF(AND($A58=$A57,$B58=$B57),Q57,Q57+1) -> 12 | R58: =IF($A58="","",IFERROR(INDEX(R$5:R57,MATCH($A58,$A$5:$A57,0)),MAX(R$5:R57)+1)) -> 6
A59: Declaraciones y Autorización | B59: Declaraciones Legales | C59: He leído y comprendo el texto anterior… ¿Acepta usted estos términos? | D59: Casilla de verificación | F59: Sí | G59: No | H59: Sí | J59: datosFormulario.datosGenerales.indicadorAceptaTerminos | K59: =IF(J59="","",IFERROR(INDEX('JSON del cliente'!$B$5:$B$288,MATCH(J59,'JSON del cliente'!$A$5:$A$288,0)),"no está en el JSON")) -> 0 | N59: Sí | Q59: =IF(AND($A59=$A58,$B59=$B58),Q58,Q58+1) -> 13 | R59: =IF($A59="","",IFERROR(INDEX(R$5:R58,MATCH($A59,$A$5:$A58,0)),MAX(R$5:R58)+1)) -> 6
A60: Declaraciones y Autorización | B60: Declaraciones Legales | C60: Firma del asegurado | D60: Firma | F60: Sí | G60: No | H60: Sí | K60: =IF(J60="","",IFERROR(INDEX('JSON del cliente'!$B$5:$B$288,MATCH(J60,'JSON del cliente'!$A$5:$A$288,0)),"no está en el JSON")) | N60: Sí | O60: No va al JSON | Q60: =IF(AND($A60=$A59,$B60=$B59),Q59,Q59+1) -> 13 | R60: =IF($A60="","",IFERROR(INDEX(R$5:R59,MATCH($A60,$A$5:$A59,0)),MAX(R$5:R59)+1)) -> 6
K61: =IF(J61="","",IFERROR(INDEX('JSON del cliente'!$B$5:$B$288,MATCH(J61,'JSON del cliente'!$A$5:$A$288,0)),"no está en el JSON")) | Q61: =IF(AND($A61=$A60,$B61=$B60),Q60,Q60+1) -> 14 | R61: =IF($A61="","",IFERROR(INDEX(R$5:R60,MATCH($A61,$A$5:$A60,0)),MAX(R$5:R60)+1))
K62: =IF(J62="","",IFERROR(INDEX('JSON del cliente'!$B$5:$B$288,MATCH(J62,'JSON del cliente'!$A$5:$A$288,0)),"no está en el JSON")) | Q62: =IF(AND($A62=$A61,$B62=$B61),Q61,Q61+1) -> 14 | R62: =IF($A62="","",IFERROR(INDEX(R$5:R61,MATCH($A62,$A$5:$A61,0)),MAX(R$5:R61)+1))
K63: =IF(J63="","",IFERROR(INDEX('JSON del cliente'!$B$5:$B$288,MATCH(J63,'JSON del cliente'!$A$5:$A$288,0)),"no está en el JSON")) | Q63: =IF(AND($A63=$A62,$B63=$B62),Q62,Q62+1) -> 14 | R63: =IF($A63="","",IFERROR(INDEX(R$5:R62,MATCH($A63,$A$5:$A62,0)),MAX(R$5:R62)+1))
K64: =IF(J64="","",IFERROR(INDEX('JSON del cliente'!$B$5:$B$288,MATCH(J64,'JSON del cliente'!$A$5:$A$288,0)),"no está en el JSON")) | Q64: =IF(AND($A64=$A63,$B64=$B63),Q63,Q63+1) -> 14 | R64: =IF($A64="","",IFERROR(INDEX(R$5:R63,MATCH($A64,$A$5:$A63,0)),MAX(R$5:R63)+1))
K65: =IF(J65="","",IFERROR(INDEX('JSON del cliente'!$B$5:$B$288,MATCH(J65,'JSON del cliente'!$A$5:$A$288,0)),"no está en el JSON")) | Q65: =IF(AND($A65=$A64,$B65=$B64),Q64,Q64+1) -> 14 | R65: =IF($A65="","",IFERROR(INDEX(R$5:R64,MATCH($A65,$A$5:$A64,0)),MAX(R$5:R64)+1))
K66: =IF(J66="","",IFERROR(INDEX('JSON del cliente'!$B$5:$B$288,MATCH(J66,'JSON del cliente'!$A$5:$A$288,0)),"no está en el JSON")) | Q66: =IF(AND($A66=$A65,$B66=$B65),Q65,Q65+1) -> 14 | R66: =IF($A66="","",IFERROR(INDEX(R$5:R65,MATCH($A66,$A$5:$A65,0)),MAX(R$5:R65)+1))
K67: =IF(J67="","",IFERROR(INDEX('JSON del cliente'!$B$5:$B$288,MATCH(J67,'JSON del cliente'!$A$5:$A$288,0)),"no está en el JSON")) | Q67: =IF(AND($A67=$A66,$B67=$B66),Q66,Q66+1) -> 14 | R67: =IF($A67="","",IFERROR(INDEX(R$5:R66,MATCH($A67,$A$5:$A66,0)),MAX(R$5:R66)+1))
K68: =IF(J68="","",IFERROR(INDEX('JSON del cliente'!$B$5:$B$288,MATCH(J68,'JSON del cliente'!$A$5:$A$288,0)),"no está en el JSON")) | Q68: =IF(AND($A68=$A67,$B68=$B67),Q67,Q67+1) -> 14 | R68: =IF($A68="","",IFERROR(INDEX(R$5:R67,MATCH($A68,$A$5:$A67,0)),MAX(R$5:R67)+1))
K69: =IF(J69="","",IFERROR(INDEX('JSON del cliente'!$B$5:$B$288,MATCH(J69,'JSON del cliente'!$A$5:$A$288,0)),"no está en el JSON")) | Q69: =IF(AND($A69=$A68,$B69=$B68),Q68,Q68+1) -> 14 | R69: =IF($A69="","",IFERROR(INDEX(R$5:R68,MATCH($A69,$A$5:$A68,0)),MAX(R$5:R68)+1))
K70: =IF(J70="","",IFERROR(INDEX('JSON del cliente'!$B$5:$B$288,MATCH(J70,'JSON del cliente'!$A$5:$A$288,0)),"no está en el JSON")) | Q70: =IF(AND($A70=$A69,$B70=$B69),Q69,Q69+1) -> 14 | R70: =IF($A70="","",IFERROR(INDEX(R$5:R69,MATCH($A70,$A$5:$A69,0)),MAX(R$5:R69)+1))
K71: =IF(J71="","",IFERROR(INDEX('JSON del cliente'!$B$5:$B$288,MATCH(J71,'JSON del cliente'!$A$5:$A$288,0)),"no está en el JSON")) | Q71: =IF(AND($A71=$A70,$B71=$B70),Q70,Q70+1) -> 14 | R71: =IF($A71="","",IFERROR(INDEX(R$5:R70,MATCH($A71,$A$5:$A70,0)),MAX(R$5:R70)+1))
K72: =IF(J72="","",IFERROR(INDEX('JSON del cliente'!$B$5:$B$288,MATCH(J72,'JSON del cliente'!$A$5:$A$288,0)),"no está en el JSON")) | Q72: =IF(AND($A72=$A71,$B72=$B71),Q71,Q71+1) -> 14 | R72: =IF($A72="","",IFERROR(INDEX(R$5:R71,MATCH($A72,$A$5:$A71,0)),MAX(R$5:R71)+1))
... K360: =IF(J360="","",IFERROR(INDEX('JSON del cliente'!$B$5:$B$288,MATCH(J360,'JSON del cliente'!$A$5:$A$288,0)),"no está en el JSON")) | Q360: =IF(AND($A360=$A359,$B360=$B359),Q359,Q359+1) -> 14 | R360: =IF($A360="","",IFERROR(INDEX(R$5:R359,MATCH($A360,$A$5:$A359,0)),MAX(R$5:R359)+1))

Sheet JSON del cliente
A1: Lo que trae tu JSON
A2: Se arma solo a partir del JSON que cargaste. No hace falta editar esta hoja.
A3: "¿Se usa?" dice si alguna pregunta ya tomó esa ruta. Las que quedan en No, Namirial las revisa y las suma a los datos ocultos si corresponde.
A4: Ruta JSON | B4: Valor de ejemplo | C4: ¿Se usa?
A5: encabezado.codigoTipoFormulario | B5: EQE02 | C5: =IF(COUNTIF(Preguntas!$J$6:$J$360,A5)>0,"Sí","No") -> Sí
A6: encabezado.descripcionTipoFormulario | B6: Equipo Electrónico Modalidad Adhesión para Equipo Móvil y/o Portátil | C6: =IF(COUNTIF(Preguntas!$J$6:$J$360,A6)>0,"Sí","No") -> Sí
A7: encabezado.codigoTipoTramite | B7: Ver catálogo | C7: =IF(COUNTIF(Preguntas!$J$6:$J$360,A7)>0,"Sí","No") -> Sí
A8: encabezado.descripcionTipoTramite | B8: Ver catálogo | C8: =IF(COUNTIF(Preguntas!$J$6:$J$360,A8)>0,"Sí","No") -> Sí
A9: encabezado.identificadorTransaccionInterno | B9: INS_SG_P14_EQE02_I_20260801_A_3_0031018555690 | C9: =IF(COUNTIF(Preguntas!$J$6:$J$360,A9)>0,"Sí","No") -> Sí
A10: encabezado.correoElectronico | B10: aleulloaperez@gmail.com | C10: =IF(COUNTIF(Preguntas!$J$6:$J$360,A10)>0,"Sí","No") -> Sí
A11: encabezado.codigoProducto | B11: 155 | C11: =IF(COUNTIF(Preguntas!$J$6:$J$360,A11)>0,"Sí","No") -> Sí
A12: encabezado.descripcionProducto | B12: Equipo Electrónico Riesgo Nombrado Equipo Movil y/o Portátil | C12: =IF(COUNTIF(Preguntas!$J$6:$J$360,A12)>0,"Sí","No") -> Sí
A13: encabezado.nombreCompletoCliente | B13: Alejandro Ulloa Pérez | C13: =IF(COUNTIF(Preguntas!$J$6:$J$360,A13)>0,"Sí","No") -> Sí
A14: encabezado.identificadorArchivo | B14: idNamirial | C14: =IF(COUNTIF(Preguntas!$J$6:$J$360,A14)>0,"Sí","No") -> Sí
A15: datosFormulario.datosGenerales.lugar | B15: San José | C15: =IF(COUNTIF(Preguntas!$J$6:$J$360,A15)>0,"Sí","No") -> Sí
A16: datosFormulario.datosGenerales.fechaCreacion | B16: 2026-08-01 | C16: =IF(COUNTIF(Preguntas!$J$6:$J$360,A16)>0,"Sí","No") -> Sí
A17: datosFormulario.datosGenerales.indicadorClienteDaConsentimiento | C17: =IF(COUNTIF(Preguntas!$J$6:$J$360,A17)>0,"Sí","No") -> Sí
A18: datosFormulario.datosGenerales.indicadorAceptaTerminos | C18: =IF(COUNTIF(Preguntas!$J$6:$J$360,A18)>0,"Sí","No") -> Sí
A19: datosFormulario.datosGenerales.intermediario.codigoIntermediario | B19: 1100340 | C19: =IF(COUNTIF(Preguntas!$J$6:$J$360,A19)>0,"Sí","No") -> Sí
A20: datosFormulario.datosGenerales.intermediario.identificacion | B20: 110330564 | C20: =IF(COUNTIF(Preguntas!$J$6:$J$360,A20)>0,"Sí","No") -> No
A21: datosFormulario.datosGenerales.intermediario.codigoTipoIdentificacion | B21: Física Nacional | C21: =IF(COUNTIF(Preguntas!$J$6:$J$360,A21)>0,"Sí","No") -> No
A22: datosFormulario.datosGenerales.intermediario.nombre | B22: Geonanny Ulloa Soto | C22: =IF(COUNTIF(Preguntas!$J$6:$J$360,A22)>0,"Sí","No") -> Sí
A23: datosFormulario.datosGenerales.intermediario.correoElectronico | B23: gulloasoto@gmail.com | C23: =IF(COUNTIF(Preguntas!$J$6:$J$360,A23)>0,"Sí","No") -> No
A24: datosFormulario.datosGenerales.polizaMadre.numeroPoliza | B24: 0220EQE000123402 | C24: =IF(COUNTIF(Preguntas!$J$6:$J$360,A24)>0,"Sí","No") -> Sí
A25: datosFormulario.datosGenerales.polizaMadre.vigenciaDesde | B25: 2026-01-01 | C25: =IF(COUNTIF(Preguntas!$J$6:$J$360,A25)>0,"Sí","No") -> Sí
A26: datosFormulario.datosGenerales.polizaMadre.vigenciaHasta | B26: 2027-01-01 | C26: =IF(COUNTIF(Preguntas!$J$6:$J$360,A26)>0,"Sí","No") -> Sí
A27: datosFormulario.datosGenerales.polizaMadre.codigoTipoIdentificacionTomador | B27: Jurídica Nacional | C27: =IF(COUNTIF(Preguntas!$J$6:$J$360,A27)>0,"Sí","No") -> No
A28: datosFormulario.datosGenerales.polizaMadre.identificacionTomador | B28: 10 caracteres númericos | C28: =IF(COUNTIF(Preguntas!$J$6:$J$360,A28)>0,"Sí","No") -> No
A29: datosFormulario.datosGenerales.polizaMadre.nombreTomador | B29: 50 caracteres alfanuméricos | C29: =IF(COUNTIF(Preguntas!$J$6:$J$360,A29)>0,"Sí","No") -> No
A30: datosFormulario.datosGenerales.polizaMadre.codigoMoneda | B30: Colones | C30: =IF(COUNTIF(Preguntas!$J$6:$J$360,A30)>0,"Sí","No") -> No
... A38: datosFormulario.datosGenerales.datosAdicionales.nombreOtraAseguradora | B38: Mapre S.A. | C38: =IF(COUNTIF(Preguntas!$J$6:$J$360,A38)>0,"Sí","No") -> Sí
A39: datosFormulario.datosGenerales.datosAdicionales.polizaOtraAseguradora | C39: =IF(COUNTIF(Preguntas!$J$6:$J$360,A39)>0,"Sí","No") -> No
A40: datosFormulario.personas[0].codigoTipo | B40: ASG | C40: =IF(COUNTIF(Preguntas!$J$6:$J$360,A40)>0,"Sí","No") -> Sí
A41: datosFormulario.personas[0].descripcionTipo | B41: Asegurado | C41: =IF(COUNTIF(Preguntas!$J$6:$J$360,A41)>0,"Sí","No") -> Sí
A42: datosFormulario.personas[0].codigoTipoIdentificacion | B42: Física | C42: =IF(COUNTIF(Preguntas!$J$6:$J$360,A42)>0,"Sí","No") -> Sí
A43: datosFormulario.personas[0].descripcionTipoIdentificacion | B43: Física | C43: =IF(COUNTIF(Preguntas!$J$6:$J$360,A43)>0,"Sí","No") -> Sí
A44: datosFormulario.personas[0].identificacion | B44: 1103330564 | C44: =IF(COUNTIF(Preguntas!$J$6:$J$360,A44)>0,"Sí","No") -> Sí
A45: datosFormulario.personas[0].correoElectronico | B45: aulloap@grupoins.com | C45: =IF(COUNTIF(Preguntas!$J$6:$J$360,A45)>0,"Sí","No") -> Sí
A46: datosFormulario.personas[0].nombreCompleto | B46: Alejandro Ulloa Pérez | C46: =IF(COUNTIF(Preguntas!$J$6:$J$360,A46)>0,"Sí","No") -> Sí
A47: datosFormulario.personas[0].primerApellido | B47: Ulloa | C47: =IF(COUNTIF(Preguntas!$J$6:$J$360,A47)>0,"Sí","No") -> Sí
A48: datosFormulario.personas[0].segundoApellido | B48: Pérez | C48: =IF(COUNTIF(Preguntas!$J$6:$J$360,A48)>0,"Sí","No") -> Sí
A49: datosFormulario.personas[0].primerNombre | B49: Alejandro | C49: =IF(COUNTIF(Preguntas!$J$6:$J$360,A49)>0,"Sí","No") -> Sí
A50: datosFormulario.personas[0].segundoNombre | C50: =IF(COUNTIF(Preguntas!$J$6:$J$360,A50)>0,"Sí","No") -> Sí
A51: datosFormulario.personas[0].fechaNacimiento | B51: 1979-04-26 | C51: =IF(COUNTIF(Preguntas!$J$6:$J$360,A51)>0,"Sí","No") -> Sí
A52: datosFormulario.personas[0].edad | B52: 47 | C52: =IF(COUNTIF(Preguntas!$J$6:$J$360,A52)>0,"Sí","No") -> Sí
A53: datosFormulario.personas[0].codigoEstadoCivil | B53: Casado | C53: =IF(COUNTIF(Preguntas!$J$6:$J$360,A53)>0,"Sí","No") -> Sí
A54: datosFormulario.personas[0].descripcionEstadoCivil | B54: Casado | C54: =IF(COUNTIF(Preguntas!$J$6:$J$360,A54)>0,"Sí","No") -> Sí
A55: datosFormulario.personas[0].codigoGenero | B55: Femenino | C55: =IF(COUNTIF(Preguntas!$J$6:$J$360,A55)>0,"Sí","No") -> Sí
A56: datosFormulario.personas[0].descripcionGenero | B56: Femenino | C56: =IF(COUNTIF(Preguntas!$J$6:$J$360,A56)>0,"Sí","No") -> Sí
A57: datosFormulario.personas[0].peso | B57: 84 | C57: =IF(COUNTIF(Preguntas!$J$6:$J$360,A57)>0,"Sí","No") -> No
A58: datosFormulario.personas[0].estatura | B58: 1.8 | C58: =IF(COUNTIF(Preguntas!$J$6:$J$360,A58)>0,"Sí","No") -> No
A59: datosFormulario.personas[0].telefonoMovil | B59: 88400271 | C59: =IF(COUNTIF(Preguntas!$J$6:$J$360,A59)>0,"Sí","No") -> Sí
A60: datosFormulario.personas[0].codigoParentesco | C60: =IF(COUNTIF(Preguntas!$J$6:$J$360,A60)>0,"Sí","No") -> No
A61: datosFormulario.personas[0].descripcionParentesco | C61: =IF(COUNTIF(Preguntas!$J$6:$J$360,A61)>0,"Sí","No") -> No
A62: datosFormulario.personas[0].detalleOtroBeneficiario | C62: =IF(COUNTIF(Preguntas!$J$6:$J$360,A62)>0,"Sí","No") -> No
A63: datosFormulario.personas[0].interesAsegurableOtroBeneficiario | C63: =IF(COUNTIF(Preguntas!$J$6:$J$360,A63)>0,"Sí","No") -> No
A64: datosFormulario.personas[0].porcentaje | C64: =IF(COUNTIF(Preguntas!$J$6:$J$360,A64)>0,"Sí","No") -> No
A65: datosFormulario.personas[0].indicadorAgregarDependienteMenor | B65: No | C65: =IF(COUNTIF(Preguntas!$J$6:$J$360,A65)>0,"Sí","No") -> No
A66: datosFormulario.personas[0].indicadorAgregarBeneficiario | B66: Si | C66: =IF(COUNTIF(Preguntas!$J$6:$J$360,A66)>0,"Sí","No") -> No
A67: datosFormulario.personas[0].direccion.codigoProvincia | B67: Ver catálogo adjunto | C67: =IF(COUNTIF(Preguntas!$J$6:$J$360,A67)>0,"Sí","No") -> Sí
A68: datosFormulario.personas[0].direccion.codigoCanton | B68: Ver catálogo adjunto | C68: =IF(COUNTIF(Preguntas!$J$6:$J$360,A68)>0,"Sí","No") -> Sí
A69: datosFormulario.personas[0].direccion.codigoDistrito | B69: Ver catálogo adjunto | C69: =IF(COUNTIF(Preguntas!$J$6:$J$360,A69)>0,"Sí","No") -> Sí
A70: datosFormulario.personas[0].direccion.descripcionProvincia | B70: San José | C70: =IF(COUNTIF(Preguntas!$J$6:$J$360,A70)>0,"Sí","No") -> Sí
A71: datosFormulario.personas[0].direccion.descripcionCanton | B71: Tibás | C71: =IF(COUNTIF(Preguntas!$J$6:$J$360,A71)>0,"Sí","No") -> Sí
A72: datosFormulario.personas[0].direccion.descripcionDistrito | B72: San Juan | C72: =IF(COUNTIF(Preguntas!$J$6:$J$360,A72)>0,"Sí","No") -> Sí
A73: datosFormulario.personas[0].direccion.direccionExacta | B73: 400 metros este de Municipalidad | C73: =IF(COUNTIF(Preguntas!$J$6:$J$360,A73)>0,"Sí","No") -> Sí
A74: datosFormulario.personas[0].direccion.telefonoCelular | B74: 8840-2015 | C74: =IF(COUNTIF(Preguntas!$J$6:$J$360,A74)>0,"Sí","No") -> No
A75: datosFormulario.personas[0].direccion.telefonoOficina | B75: 2287-6000 | C75: =IF(COUNTIF(Preguntas!$J$6:$J$360,A75)>0,"Sí","No") -> No
A76: datosFormulario.personas[0].direccion.telefonoTrabajo | B76: 2241-9658 | C76: =IF(COUNTIF(Preguntas!$J$6:$J$360,A76)>0,"Sí","No") -> No
... A87: datosFormulario.personas[0].riesgo.zonasRiesgo[0].bienesAsegurar[i].tipoEquipoBien | B87: Equipo Fijo | C87: =IF(COUNTIF(Preguntas!$J$6:$J$360,A87)>0,"Sí","No") -> No

Sheet Cómo se completa
A1: Columna | B1: Qué poner | C1: En el machote del INS
A2: Sección | B2: La pantalla del formulario. Elegila de la lista; se puede escribir una nueva. | C2: Pasos Formulario
A3: Subsección | B3: El bloque dentro de la pantalla. La lista muestra solo las de la sección elegida. | C3: Sección
A4: Pregunta | B4: Cómo la ve la persona. | C4: Nombre del campo en formulario
A5: Tipo | B5: De la lista. Una fecha es una sola pregunta de tipo Fecha. | C5: Tipo de dato
A6: Opciones | B6: Para listas: opción=código separadas por punto y coma. Ej.: Masculino=M; Femenino=F. O "Ver catálogo". | C6: Valor (una fila por opción)
A7: Obligatoria | B7: Sí / No. | C7: Obligatorio (Both / WEB / JSON / None)
A8: Viene prellenado / Se puede editar | B8: Sí / No en cada una. | C8: Visualización (Disabled / Dato Prellenado / editable)
A9: Se muestra si | B9: Si depende de otra respuesta. Ej.: si ¿Tiene pólizas con otra compañía aseguradora? = Sí | C9: Regla
A10: Ruta JSON | B10: De la lista: sale de tu JSON. [i] = se repite (ej. bienes). | C10: Nombre de la sección del JSON
A11: Valor en el JSON | B11: Se completa solo. Si dice "no está en el JSON", revisá la ruta.
A12: En el PDF va partido en | B12: Solo si en el PDF va en varios casilleros. Ej.: día / mes / año. | C12: Nombre en PDF
A13: Reglas / formato | B13: Ej.: 9 dígitos · máx. 50 · email. | C13: Regla
A14: ¿Va? | B14: No = se saca del formulario.
A15: ID (no tocar) | B15: Lo usa la herramienta para no perder lo ya conectado. En filas nuevas, dejalo vacío.
A16: Filas grises | B16: Datos ocultos (Datos del sistema). Los completa Namirial. | C16: Pasos / Sección = JSON

Sheet Listas
A1: Sección | B1: Subsección | D1: Secciones (únicas)
A2: Datos del sistema (oculto) | B2: Encabezado | D2: Datos del sistema (oculto)
A3: Datos del sistema (oculto) | B3: Personas | D3: Datos Generales
A4: Datos del sistema (oculto) | B4: Dirección y notificación | D4: Información de Póliza
A5: Datos Generales | B5: Información de la Solicitud | D5: Datos del Tomador
A6: Información de Póliza | B6: Datos del Asesor | D6: Datos del Asegurado
A7: Información de Póliza | B7: Datos de la Póliza | D7: Datos del Dependiente
A8: Información de Póliza | B8: Información adicional | D8: Datos del Beneficiario
A9: Datos del Tomador | B9: Datos Tomador | D9: Información del riesgo
A10: Datos del Tomador | B10: Contacto y ubicación | D10: Declaraciones y Autorización
A11: Datos del Asegurado | B11: Datos Asegurado
A12: Datos del Asegurado | B12: Contacto y ubicación
A13: Datos del Asegurado | B13: Preferencias de notificación
A14: Datos del Dependiente | B14: Datos Dependiente
A15: Datos del Dependiente | B15: Contacto y ubicación
A16: Datos del Beneficiario | B16: Datos Beneficiario
A17: Datos del Beneficiario | B17: Contacto y ubicación
A18: Información del riesgo | B18: Información del riesgo
A19: Información del riesgo | B19: Bienes por asegurar
A20: Información del riesgo | B20: Coberturas Básicas
A21: Información del riesgo | B21: Coberturas Adicionales
A22: Declaraciones y Autorización | B22: Autorizaciones
A23: Declaraciones y Autorización | B23: Declaraciones Legales
